-- База даних: Крафтові гострі соуси та продукти
-- DML скрипт для наповнення таблиць тестовими даними

USE hot_sauce_shop;

-- Наповнення таблиці виробників
INSERT INTO manufacturers (name, country, founding_year, website, description) VALUES
('Dragon Fire Sauces', 'USA', 2015, 'www.dragonfireusa.com', 'Крафтові соуси з каролінським реапером'),
('Inferno Kitchen', 'Mexico', 2010, 'www.infernokitchen.mx', 'Традиційні мексиканські гострі соуси'),
('Volcano Valley', 'Thailand', 2018, 'www.volcanovalley.th', 'Азійські соуси з тайським перцем'),
('Hot Devils', 'Ukraine', 2020, 'www.hotdevils.ua', 'Українські крафтові гострі соуси'),
('Spice Masters', 'India', 2012, 'www.spicemasters.in', 'Індійські соуси з бхут джолокією'),
('Fire Island', 'Jamaica', 2016, 'www.fireisland.jm', 'Карибські соуси з скотч боннет'),
('Lava Lab', 'USA', 2019, 'www.lavalabsauces.com', 'Експериментальні екстремальні соуси'),
('Pepper Paradise', 'Trinidad', 2014, 'www.pepperparadise.tt', 'Соуси з трінідадським скорпіоном');

-- Наповнення таблиці рівнів гостроти
INSERT INTO heat_levels (level_name, scoville_min, scoville_max, description) VALUES
('М''який', 0, 1000, 'Легка пікантність, підходить для початківців'),
('Помірний', 1000, 5000, 'Відчутна гострота без дискомфорту'),
('Середній', 5000, 15000, 'Помітна гострота для досвідчених'),
('Гострий', 15000, 50000, 'Інтенсивне пекуче відчуття'),
('Дуже гострий', 50000, 100000, 'Екстремальна гострота, не для всіх'),
('Пекельний', 100000, 350000, 'Для справжніх поціновувачів гострого'),
('Вогняний', 350000, 1000000, 'Небезпечний рівень, потрібна обережність'),
('Екстремальний', 1000000, 2200000, 'Найгостріші соуси світу');

-- Наповнення таблиці продуктів
INSERT INTO products (manufacturer_id, heat_level_id, product_name, volume_ml, price, ingredients, description, stock_quantity, is_available) VALUES
(1, 8, 'Carolina Reaper Inferno', 150, 450.00, 'Каролінський реапер, оцет, часник, сіль', 'Найгостріший соус у світі з реапером', 25, TRUE),
(2, 4, 'Habanero Clasico', 250, 280.00, 'Хабанеро, томати, лайм, кінза', 'Класичний мексиканський соус', 50, TRUE),
(3, 5, 'Thai Dragon Fire', 200, 320.00, 'Тайський перець, лемонграс, імбир', 'Автентичний азійський смак', 35, TRUE),
(4, 3, 'Kozak Hot Sauce', 180, 250.00, 'Червоний перець, часник, укропне насіння', 'Український крафт з національним колоритом', 40, TRUE),
(5, 6, 'Bhut Jolokia Extreme', 100, 520.00, 'Бхут джолокія, манго, куркума', 'Індійський екстрим з фруктовими нотами', 15, TRUE),
(6, 5, 'Scotch Bonnet Caribbean', 200, 380.00, 'Скотч боннет, ананас, ром, тростинний цукор', 'Карибська екзотика з солодкими нотами', 30, TRUE),
(7, 7, 'Lava Lab X-Hot', 120, 650.00, 'Каролінський реапер, тринідадський скорпіон, екстракт капсаїцину', 'Лабораторний соус для екстремалів', 10, TRUE),
(8, 6, 'Trinidad Scorpion Sting', 150, 480.00, 'Трінідадський скорпіон, папайя, лайм', 'Смертельне жало скорпіона', 20, TRUE),
(1, 2, 'Mild Jalapeño Green', 250, 180.00, 'Зелений халапеньйо, кінза, лайм', 'М''який зелений соус для всіх', 60, TRUE),
(4, 4, 'Lviv Fire Sauce', 200, 290.00, 'Червоний перець, чорний перець, мед', 'Львівський крафт з медовими нотами', 45, TRUE);

-- Наповнення таблиці клієнтів
INSERT INTO customers (first_name, last_name, email, phone, city, address) VALUES
('Олександр', 'Коваленко', 'o.kovalenko@email.com', '+380671234567', 'Київ', 'вул. Хрещатик, 22'),
('Марія', 'Шевченко', 'm.shevchenko@email.com', '+380502345678', 'Львів', 'вул. Городоцька, 15'),
('Дмитро', 'Мельник', 'd.melnyk@email.com', '+380933456789', 'Одеса', 'вул. Дерибасівська, 8'),
('Катерина', 'Бондаренко', 'k.bondarenko@email.com', '+380674567890', 'Харків', 'просп. Науки, 45'),
('Андрій', 'Ткаченко', 'a.tkachenko@email.com', '+380505678901', 'Дніпро', 'вул. Набережна, 12'),
('Оксана', 'Кравченко', 'o.kravchenko@email.com', '+380936789012', 'Запоріжжя', 'просп. Соборний, 78'),
('Віталій', 'Савченко', 'v.savchenko@email.com', '+380677890123', 'Вінниця', 'вул. Соборна, 33'),
('Юлія', 'Павленко', 'y.pavlenko@email.com', '+380508901234', 'Полтава', 'вул. Європейська, 19'),
('Ігор', 'Литвиненко', 'i.lytvynenko@email.com', '+380939012345', 'Чернівці', 'вул. Університетська, 5'),
('Наталія', 'Іваненко', 'n.ivanenko@email.com', '+380670123456', 'Тернопіль', 'вул. Руська, 28');

-- Наповнення таблиці замовлень
INSERT INTO orders (customer_id, order_date, total_amount, status, delivery_address, notes) VALUES
(1, '2025-10-01 10:30:00', 730.00, 'delivered', 'Київ, вул. Хрещатик, 22, кв. 15', 'Дзвонити за годину'),
(2, '2025-10-03 14:15:00', 560.00, 'delivered', 'Львів, вул. Городоцька, 15', NULL),
(3, '2025-10-05 09:45:00', 1000.00, 'shipped', 'Одеса, вул. Дерибасівська, 8, офіс 3', 'Доставка до 18:00'),
(4, '2025-10-08 16:20:00', 380.00, 'processing', 'Харків, просп. Науки, 45, під''їзд 2', NULL),
(5, '2025-10-10 11:00:00', 820.00, 'pending', 'Дніпро, вул. Набережна, 12, кв. 8', 'Залишити на пошті'),
(1, '2025-10-12 13:30:00', 450.00, 'delivered', 'Київ, вул. Хрещатик, 22, кв. 15', 'Повторне замовлення'),
(6, '2025-10-13 10:10:00', 670.00, 'processing', 'Запоріжжя, просп. Соборний, 78', NULL),
(7, '2025-10-14 15:45:00', 540.00, 'pending', 'Вінниця, вул. Соборна, 33, буд. 2', 'Подарункова упаковка');

-- Наповнення таблиці деталей замовлення
INSERT INTO order_items (order_id, product_id, quantity, price_per_unit, subtotal) VALUES
(1, 1, 1, 450.00, 450.00),
(1, 2, 1, 280.00, 280.00),
(2, 3, 1, 320.00, 320.00),
(2, 9, 1, 180.00, 180.00),
(2, 10, 1, 290.00, 290.00),
(3, 7, 1, 650.00, 650.00),
(3, 5, 1, 520.00, 520.00),
(4, 6, 1, 380.00, 380.00),
(5, 1, 1, 450.00, 450.00),
(5, 8, 1, 480.00, 480.00),
(6, 1, 1, 450.00, 450.00),
(7, 3, 2, 320.00, 640.00),
(8, 2, 1, 280.00, 280.00),
(8, 4, 1, 250.00, 250.00);

-- Наповнення таблиці відгуків
INSERT INTO reviews (product_id, customer_id, rating, review_text, review_date) VALUES
(1, 1, 5, 'Неймовірно гостро! Саме те, що я шукав. Рекомендую тільки досвідченим любителям гострого.', '2025-10-02 12:00:00'),
(2, 2, 4, 'Класичний смак, гострота помірна. Чудово підходить до тако.', '2025-10-04 15:30:00'),
(3, 3, 5, 'Автентичний азійський смак! Відчувається імбир та лемонграс. Дуже гостро та смачно.', '2025-10-06 10:20:00'),
(9, 1, 5, 'Ідеально для тих, хто тільки починає знайомство з гострими соусами. Смачно!', '2025-10-13 11:00:00'),
(4, 2, 5, 'Вітчизняний продукт найвищої якості! Підтримую українських виробників!', '2025-10-07 14:45:00'),
(6, 6, 4, 'Цікаве поєднання гостроти та солодкості ананаса. Карибська екзотика!', '2025-10-09 16:30:00'),
(7, 7, 5, 'Це справжнє пекло! Ледве витримав. Для екстремалів - ідеально!', '2025-10-11 09:15:00'),
(5, 4, 4, 'Бхут джолокія з манго - незвичайне поєднання. Дуже гостро, але смачно.', '2025-10-12 13:20:00'),
(10, 5, 5, 'Львівський крафт з медом - чудова ідея! Смак збалансований.', '2025-10-14 10:00:00'),
(8, 3, 5, 'Тринідадський скорпіон виправдовує свою репутацію. Пекуче, але смачне!', '2025-10-15 12:30:00');
